<INSERT_TEMPLATE_INFO version="2" encoding="UTF-8">
	<TEMPLATE>
		<LAYER id="0" proportions="1.0">1.png</LAYER>
		<LAYER id="1" proportions="1.0">2.png</LAYER>
		

		<INSERTIMAGE id="0" layout="crop" proportions="0.75" ratio="0.75">
			<POINTS>
				<TOPLEFT x_percents="0.0" y_percents="0.0" />
				<TOPRIGHT x_percents="1.0" y_percents="0.0" />
				<BOTTOMLEFT x_percents="0.0" y_percents="1.0" />
				<BOTTOMRIGHT x_percents="1.0" y_percents="1.0" />
			</POINTS>
		</INSERTIMAGE>

		<INSERTIMAGE id="0" layout="crop" proportions="1.0" ratio="1.0">
			<POINTS>
				<TOPLEFT x_percents="0.0" y_percents="0.0" />
				<TOPRIGHT x_percents="1.0" y_percents="0.0" />
				<BOTTOMLEFT x_percents="0.0" y_percents="1.0" />
				<BOTTOMRIGHT x_percents="1.0" y_percents="1.0" />
			</POINTS>
		</INSERTIMAGE>
		
				<INSERTIMAGE id="0" layout="crop" proportions="1.33" ratio="1.33">
			<POINTS>
				<TOPLEFT x_percents="0.0" y_percents="0.0" />
				<TOPRIGHT x_percents="1.0" y_percents="0.0" />
				<BOTTOMLEFT x_percents="0.0" y_percents="1.0" />
				<BOTTOMRIGHT x_percents="1.0" y_percents="1.0" />
			</POINTS>
		</INSERTIMAGE>


	</TEMPLATE>
</INSERT_TEMPLATE_INFO>