<INSERT_TEMPLATE_INFO version="4.0" encoding="UTF-8">
	<TEMPLATE>
		<BODY_DETECTION image_index="0" mask_name="figure_0" version="2" />
		<FACE_DETECTION image_index="0" mask_name="face_0" />
		<HAIR_DETECTION image_index="0" mask_name="hair_0" />
		<BASIS>frame0_basis_0_uv.png</BASIS>
		<INSERTIMAGE id="0" layout="crop" comment="Copy of &quot;User image: FSQ3&quot; for FIGURE mask" output_dynamic_mask="frame_0_dmask_figure_out_uv_2" ratio="0.75" image_index="0" opacity="0">
			<methods_list>
				<method order="1">
					<name>masks_control</name>
					<params>src_mask=figure_0;erode_size=0.8;smooth_radius=0.4;do_invert_mask=0;mix_mode=set;use_percent_values=TRUE;do_crop_mask=FALSE</params>
				</method>
			</methods_list>
			<POINTS>
				<TOPLEFT x_percents="0" y_percents="0" />
				<TOPRIGHT x_percents="1" y_percents="0" />
				<BOTTOMLEFT x_percents="0" y_percents="1" />
				<BOTTOMRIGHT x_percents="1" y_percents="1" />
			</POINTS>
		</INSERTIMAGE>
		<INSERTIMAGE id="1" layout="crop" comment="Copy of &quot;User image: SQ Область Вписывания (Класть фото сюда) [uv]&quot; for FACE mask" output_dynamic_mask="frame_0_dmask_face_out_uv_0" ratio="0.75" image_index="0" opacity="0">
			<methods_list>
				<method order="1">
					<name>masks_control</name>
					<params>src_mask=face_0;erode_size=0.8;smooth_radius=0.4;do_invert_mask=0;mix_mode=set;use_percent_values=TRUE;do_crop_mask=FALSE</params>
				</method>
			</methods_list>
			<POINTS>
				<TOPLEFT x_percents="0" y_percents="0" />
				<TOPRIGHT x_percents="1" y_percents="0" />
				<BOTTOMLEFT x_percents="0" y_percents="1" />
				<BOTTOMRIGHT x_percents="1" y_percents="1" />
			</POINTS>
		</INSERTIMAGE>
		<INSERTIMAGE id="2" layout="crop" comment="Copy of &quot;User image: FSQ Область Вписывания Фигуры (Класть фото сюда) [uv]&quot; for HAIR mask" output_dynamic_mask="frame_0_dmask_hair_out_uv_1" ratio="0.75" image_index="0" opacity="0">
			<methods_list>
				<method order="1">
					<name>masks_control</name>
					<params>src_mask=hair_0;erode_size=0.8;smooth_radius=0.4;do_invert_mask=0;mix_mode=set;use_percent_values=TRUE;do_crop_mask=FALSE</params>
				</method>
			</methods_list>
			<POINTS>
				<TOPLEFT x_percents="0" y_percents="0" />
				<TOPRIGHT x_percents="1" y_percents="0" />
				<BOTTOMLEFT x_percents="0" y_percents="1" />
				<BOTTOMRIGHT x_percents="1" y_percents="1" />
			</POINTS>
		</INSERTIMAGE>
		<INSERTIMAGE id="3" layout="crop" comment="User image: SQ Область Вписывания (Класть фото сюда) [uv]" ratio="0.75" image_index="0">
			<methods_list>
				<method order="1">
					<name>masks_control</name>
					<params>mix_mode=cls</params>
				</method>
			</methods_list>
			<POINTS>
				<TOPLEFT x_percents="0" y_percents="0" />
				<TOPRIGHT x_percents="1" y_percents="0" />
				<BOTTOMLEFT x_percents="0" y_percents="1" />
				<BOTTOMRIGHT x_percents="1" y_percents="1" />
			</POINTS>
		</INSERTIMAGE>
		<INSERTIMAGE id="4" layout="crop" comment="User image: FSQ Область Вписывания Фигуры (Класть фото сюда) [uv]" ratio="0.75" image_index="0">
			<methods_list>
				<method order="1">
					<name>masks_control</name>
					<params>src_mask=figure_0;erode_size=0.8;smooth_radius=0.4;do_invert_mask=0;mix_mode=set;use_percent_values=TRUE;do_crop_mask=FALSE</params>
				</method>
			</methods_list>
			<POINTS>
				<TOPLEFT x_percents="0" y_percents="0" />
				<TOPRIGHT x_percents="1" y_percents="0" />
				<BOTTOMLEFT x_percents="0" y_percents="1" />
				<BOTTOMRIGHT x_percents="1" y_percents="1" />
			</POINTS>
		</INSERTIMAGE>
		<INSERTIMAGE id="5" layout="crop" comment="User image: FSQ3" input_dynamic_mask="frame_0_dmask_figure_out_uv_2-frame_0_dmask_hair_out_uv_1-frame_0_dmask_face_out_uv_0" ratio="0.75" image_index="0">
			<methods_list>
				<method order="1">
					<name>masks_control</name>
					<params>src_mask=figure_0;erode_size=0.8;smooth_radius=0.4;do_invert_mask=0;mix_mode=set;use_percent_values=TRUE;do_crop_mask=FALSE</params>
				</method>
				<method order="2">
					<name>style_transfer</name>
					<params>style_id=1511;restore_size=TRUE</params>
				</method>
			</methods_list>
			<POINTS>
				<TOPLEFT x_percents="0" y_percents="0" />
				<TOPRIGHT x_percents="1" y_percents="0" />
				<BOTTOMLEFT x_percents="0" y_percents="1" />
				<BOTTOMRIGHT x_percents="1" y_percents="1" />
			</POINTS>
		</INSERTIMAGE>
	</TEMPLATE>
</INSERT_TEMPLATE_INFO>